{
    "title": "es_ES",
    "description": "A Spanish keyboard, touch optimized (no shift+caps lock)",
    "cols": 15,
    "rows": 5,
    "normal_1":[
          ["º", "º", "º", 1],    ["1", "1", "1", 1],    ["2", "2", "2", 1],
          ["3", "3", "3", 1],    ["4", "4", "4", 1],    ["5", "5", "5", 1],
          ["6", "6", "6", 1],    ["7", "7", "7", 1],    ["8", "8", "8", 1],
          ["9", "9", "9", 1],    ["0", "0", "0", 1],    ["'", "'", "'", 1],
          ["¡", "¡", "¡", 1],    ["\u232b", null, "backspace", 2]
      ],
    "normal_2" : [
          ["\u21B9", "\t", "tab", 1.5],  ["q", "q", "q", 1],    ["w", "w", "w", 1],
          ["e", "e", "e", 1],    ["r", "r", "r", 1],    ["t", "t", "t", 1],
          ["y", "y", "y", 1],    ["u", "u", "u", 1],    ["i", "i", "i", 1],
          ["o", "o", "o", 1],    ["p", "p", "p", 1],    ["`", "`", "`", 1],
          ["+", "+", "+", 1]
      ],
    "normal_3": [
          ["\u21ea", null, "capslock", 1.8],  ["a", "a", "a", 1],    ["s", "s", "s", 1],
          ["d", "d", "d", 1],    ["f", "f", "f", 1],    ["g", "g", "g", 1],
          ["h", "h", "h", 1],    ["j", "j", "j", 1],    ["k", "k", "k", 1],
          ["l", "l", "l", 1],    ["ñ", "ñ", "ñ", 1],    ["´", "´", "´", 1],
          ["ç", "ç", "ç", 1],
          ["\u23ce", null, "enter", 2.2]
      ],
      "normal_4": [
          ["\u21e7", null, "shift", 2.5], ["<", "<", "<", 1], ["z", "z", "z", 1],    ["x", "x", "x", 1],
          ["c", "c", "c", 1],    ["v", "v", "v", 1],    ["b", "b", "b", 1],
          ["n", "n", "n", 1],    ["m", "m", "m", 1],    [",", ",", ",", 1],
          [".", ".", ".", 1],    ["-", "-", "-", 1],    ["\u21e7", null, "shift", 2.5]
      ],
      "normal_5": [
          ["#+=", null, "special", 2.5], [" ", " ", "spacebar", 11], ["\u2a2f", null, "escape", 1.5]
      ],
    "shift_1":[
          ["ª", "ª", "ª", 1],    ["!", "!", "!", 1],    ["\"", "\"", "\"", 1],
          ["·", "·", "·", 1],    ["$", "$", "$", 1],    ["%", "%", "%", 1],
          ["&", "&", "&", 1],    ["/", "/", "/", 1],    ["(", "(", "(", 1],
          [")", ")", ")", 1],    ["=", "=", "=", 1],    ["?", "?", "?", 1],
          ["¿", "¿", "¿", 1],    ["\u232b", null, "backspace", 2]
      ],
    "shift_2": [
          ["\u21B9", "\t", "tab", 1.5],  ["Q", "Q", "q", 1],    ["W", "W", "w", 1],
          ["E", "E", "e", 1],    ["R", "R", "r", 1],    ["T", "T", "t", 1],
          ["Y", "Y", "y", 1],    ["U", "U", "u", 1],    ["I", "I", "i", 1],
          ["O", "O", "o", 1],    ["P", "P", "p", 1],    ["^", "^", "^", 1],
          ["*", "*", "*", 1]
      ],
      "shift_3": [
          ["\u21ea", null, "capslock", 1.8],  ["A", "A", "a", 1],    ["S", "S", "s", 1],
          ["D", "D", "d", 1],    ["F", "F", "f", 1],    ["G", "G", "g", 1],
          ["H", "H", "h", 1],    ["J", "J", "j", 1],    ["K", "K", "k", 1],
          ["L", "L", "l", 1],    ["Ñ", "Ñ", "ñ", 1],    ["¨", "¨", "¨", 1],   ["Ç", "Ç", "ç", 1],
          ["\u23ce", null, "enter", 2.2]
      ],
      "shift_4": [
          ["\u21e7", null, "shift", 2.5],  [">", ">", ">", 1],["Z", "Z", "z", 1],
          ["X", "X", "x", 1], ["C", "C", "c", 1], ["V", "V", "v", 1],
          ["B", "B", "b", 1], ["N", "N", "n", 1], ["M", "M", "m", 1], [";", ";", ";", 1],
          [":", ":", ":", 1], ["_", "_", "_", 1.5], ["\u21e7", null, "shift", 2.5]
      ],
      "shift_5": [
          ["#+=", null, "special", 2.5], [" ", " ", "spacebar", 11], ["\u2a2f", null, "escape", 1.5]
      ],
      "special_1": [
          ["\"", "\"", "\"", 1],    ["|", "|", "|", 1],    ["@", "@", "@", 1],
          ["#", "#", "#", 1],    ["~", "~", "~", 1],    ["½", "½", "½", 1],
          ["¬", "¬", "¬", 1],    ["{", "{", "{", 1],    ["[", "[", "[", 1],
          ["]", "]", "]", 1],    ["}", "}", "}", 1],    ["", "", "", 1],
          ["", "", "", 1],  ["\u232b", null, "backspace", 2]
      ],
      "special_2": [
        ["\u21B9", "\t", "tab", 1.5],  ["", "", "", 1],    ["", "", "", 1],
          ["é", "é", "é", 1],    ["", "", "", 1],    ["", "", "", 1],
          ["", "", "", 1],    ["ú", "ú", "ú", 1],    ["í", "í", "í", 1],
          ["ó", "ó", "ó", 1],    ["", "", "", 1],    ["", "", "", 1],
          ["", "", "", 1]
      ],
      "special_3": [
         ["\u21ea", null, "capslock", 1.8],  ["á", "á", "á", 1],    ["Ü", "Ü", "Ü", 1],
          ["É", "É", "É", 1], ["Ú", "Ú", "Ú", 1], ["Í", "Í", "Í", 1],
          ["Ó", "Ó", "Ó", 1], ["", "", "", 1], ["", "", "", 1],
          ["", "", "", 1], ["", "", "", 1], ["'", "'", "'", 1],
          ["", "", "", 1], ["\u23ce", null, "enter", 2.2]
      ],
      "special_4": [
        ["\u21e7", null, "shift", 2.5],  ["", "", "", 1], ["", "", "", 1],
          ["", "", "", 1], ["", "", "", 1], ["", "", "", 1],
          ["", "", "", 1], ["", "", "", 1], ["", "", "", 1],
          ["", "", "", 1], ["", "", "", 1], ["", "", "", 1], ["\u21e7", null, "shift", 2.5]
      ],
      "special_5": [
        ["#+=", null, "special", 2.5], [" ", " ", "spacebar", 11], ["\u2a2f", null, "escape", 1.5]
    ]

}